id,date,status,lat,lng
Espirito Santo - Ponto 26 - Carapebus II,10/04/2026,PROPER,-20.2325829,-40.2134974
Espirito Santo - Ponto 22 - Bicanga II,10/04/2026,PROPER,-20.2143126,-40.1979966
Espirito Santo - Ponto 23 - Balneário de Carapebus,10/04/2026,PROPER,-20.222135,-40.2029032
Espirito Santo - Ponto 25 - Carapebus I,10/04/2026,PROPER,-20.2361236,-40.2152747
Espirito Santo - Ponto 13 - Jacaraípe VII,10/04/2026,PROPER,-20.1576535,-40.1833697
Espirito Santo - Ponto 7 - Jacaraípe II - Barrote,10/04/2026,IMPROPER,-20.1535603,-40.1830884
Espirito Santo - Ponto 20 - Rio Guaxindiba,10/04/2026,IMPROPER,-20.208719,-40.198736
Espirito Santo - Ponto 24 - Lagoa Carapebus,10/04/2026,IMPROPER,-20.2291016,-40.210276
Espirito Santo - Ponto 1 - Rio Reis Magos,10/04/2026,PROPER,-20.0410714,-40.1929138
Espirito Santo - Ponto 3 - Nova Almeida II,10/04/2026,PROPER,-20.0586971,-40.1865934
Espirito Santo - Ponto 4 - Costa Bela,10/04/2026,PROPER,-20.1039468,-40.1721399
Espirito Santo - Ponto 5 - Capuba,10/04/2026,PROPER,-20.1101462,-40.1725557
Espirito Santo - Ponto 14 - Foz Córrego Laripe,10/04/2026,IMPROPER,-20.183873,-40.1909842
Espirito Santo - Ponto 6 - Jacaraípe I,10/04/2026,PROPER,-20.1248153,-40.1772696
Espirito Santo - Ponto 21- Bicanga I,10/04/2026,PROPER,-20.2099895,-40.1976338
Espirito Santo - Ponto 8 - Jacaraípe III,10/04/2026,PROPER,-20.1459287,-40.1824216
Espirito Santo - Ponto 10 - Jacaraípe V,10/04/2026,PROPER,-20.1712916,-40.1855182
Espirito Santo - Ponto 12 - Jacaraípe VI,10/04/2026,PROPER,-20.1616249,-40.1833824
Espirito Santo - Ponto 11 - Foz do Irema,10/04/2026,IMPROPER,-20.166542,-40.1839235
Espirito Santo - Ponto 15 - Córrego Maringá,10/04/2026,PROPER,-20.1863907,-40.1903806
Espirito Santo - Ponto 16 - Manguinhos I,10/04/2026,PROPER,-20.1897247,-40.1897713
Espirito Santo - Ponto 17 - Manguinhos II,10/04/2026,PROPER,-20.1920133,-40.1897325
Espirito Santo - Ponto 18 - Manguinhos III,10/04/2026,PROPER,-20.1985541,-40.1913741
Espirito Santo - Ponto 19 - Manguinhos IV,10/04/2026,PROPER,-20.2018668,-40.1941858
Espirito Santo - Ponto 9 - Jacaraípe IV - Solemar,10/04/2026,PROPER,-20.1350721,-40.1806807
Espirito Santo - Ponto 2 - Nova Almeida I,10/04/2026,IMPROPER,-20.0558055,-40.1891737
Espirito Santo - Barra do Riacho,31/03/2026,IMPROPER,-19.8322023,-40.0581563
Espirito Santo - Barra do Sahy (Próximo à foz do Rio Sahy),31/03/2026,PROPER,-19.8751,-40.08201
Espirito Santo - Barra do Sahy,31/03/2026,PROPER,-19.879945,-40.085222
Espirito Santo - Barra do Sahy (Próximo à foz do Rio Guaxindiba),31/03/2026,PROPER,-19.886072,-40.087967
Espirito Santo - Praia dos Quinze,31/03/2026,PROPER,-19.893458,-40.091753
Espirito Santo - Praia de Putiri,31/03/2026,PROPER,-19.9046554,-40.098009
Espirito Santo - Praia de Mar Azul,31/03/2026,PROPER,-19.914513,-40.098794
Espirito Santo - Praia do Sauê,31/03/2026,PROPER,-19.92748,-40.11468
Espirito Santo - Praia dos Padres,31/03/2026,PROPER,-19.9314913,-40.1209771
Espirito Santo - Praia dos Coqueiros,31/03/2026,PROPER,-19.9411967,-40.1403729
Espirito Santo - Praia de Santa Cruz,31/03/2026,PROPER,-19.952767,-40.154634
Espirito Santo - Praia Formosa,31/03/2026,PROPER,-19.9891307,-40.1471463
Espirito Santo - Praia da Balsa,31/03/2026,PROPER,-19.9493723,-40.1521091
Espirito Santo - Barra do Sahy (Praça dos Corais),31/03/2026,PROPER,-19.8828113,-40.0867109
Espirito Santo - Praia da Sauna,31/03/2026,PROPER,-19.938038,-40.133822
São Paulo - PRAIA DO PRUMIRIM,29/03/2026,PROPER,-23.37919444499994,-44.95747222199998
São Paulo - FORTALEZA,29/03/2026,PROPER,-23.529400000999942,-45.16616666699997
São Paulo - LÁZARO,29/03/2026,PROPER,-23.504608333999954,-45.134666666999976
São Paulo - PEREQUÊ-AÇU,29/03/2026,PROPER,-23.423627778999958,-45.06411666699995
São Paulo - PICINGUABA,29/03/2026,IMPROPER,-23.378113889999952,-44.83803333299994
São Paulo - ENSEADA,29/03/2026,PROPER,-23.492491667999957,-45.089691666999954
São Paulo - VERMELHA,29/03/2026,PROPER,-23.46355000099993,-45.049191666999945
São Paulo - MARANDUBA,29/03/2026,PROPER,-23.538805556999932,-45.22867499999995
São Paulo - PRAIA DO SUL- ILHA ANCHIETA,29/03/2026,PROPER,-23.546072222999953,-45.07774444399996
São Paulo - DOMINGAS DIAS,29/03/2026,PROPER,-23.498033333999956,-45.14447222199993
São Paulo - PRAIA DO SAPATEIRO- ILHA ANCHIETA,29/03/2026,PROPER,-23.538994444999958,-45.06736666699993
São Paulo - PULSO,29/03/2026,PROPER,-23.55701944499998,-45.21991666699995
São Paulo - LAGOA PRUMIRIM,29/03/2026,PROPER,-23.378733333999946,-44.95578055599998
São Paulo - TENÓRIO,29/03/2026,PROPER,-23.464705556999945,-45.05537222199996
São Paulo - PEREQUÊ-MIRIM,29/03/2026,PROPER,-23.489008333999948,-45.104516666999984
São Paulo - PRAINHA DO ENGENHO- ILHA ANCHIETA,29/03/2026,PROPER,-23.536250000999928,-45.061994443999936
São Paulo - RIO ITAMAMBUCA,29/03/2026,IMPROPER,-23.40610000099997,-45.00933611099998
São Paulo - PRAINHA DO LESTE- ILHA ANCHIETA,29/03/2026,PROPER,-23.53488333399997,-45.045261110999945
São Paulo - SAPÉ,29/03/2026,PROPER,-23.53228055699998,-45.22435277799997
São Paulo - PRAIA DAS PALMAS- ILHA ANCHIETA,29/03/2026,PROPER,-23.538386111999955,-45.07398888899996
São Paulo - SUNUNGA,29/03/2026,PROPER,-23.508900000999972,-45.132858332999945
São Paulo - SANTA RITA,29/03/2026,PROPER,-23.493783333999943,-45.10268888899998
São Paulo - ITAMAMBUCA,29/03/2026,PROPER,-23.40225000099997,-45.00344444399997
São Paulo - FÉLIX,29/03/2026,PROPER,-23.389161111999954,-44.971727777999945
São Paulo - PRAIA DO PRESÍDIO- ILHA ANCHIETA,29/03/2026,PROPER,-23.53887777899996,-45.06534722199996
São Paulo - PRAINHA DE FORA- ILHA ANCHIETA,29/03/2026,PROPER,-23.53441666799995,-45.060749999999985
São Paulo - VERMELHA DO NORTE,29/03/2026,PROPER,-23.418650000999946,-45.03868333299994
São Paulo - IPEROIG,29/03/2026,PROPER,-23.434808333999968,-45.06945555599998
São Paulo - ITAGUÁ,29/03/2026,IMPROPER,-23.458216667999977,-45.057855555999936
São Paulo - TONINHAS,29/03/2026,PROPER,-23.48482222299998,-45.073713888999976
São Paulo - DURA,29/03/2026,PROPER,-23.49385833399998,-45.17202777799997
São Paulo - LAGOINHA - CAMPING,29/03/2026,PROPER,-23.52762222299998,-45.216333332999966
São Paulo - LAGOINHA - AV. E. VELHO,29/03/2026,PROPER,-23.51977777899998,-45.19890277799993
São Paulo - MOCÓCA,05/04/2026,PROPER,-23.57261944499993,-45.299849999999935
São Paulo - IPORANGA,05/04/2026,PROPER,-23.90141111199995,-46.15320277799998
São Paulo - ASTÚRIAS,05/04/2026,PROPER,-24.00836388999994,-46.268811110999934
São Paulo - SONHO,05/04/2026,PROPER,-24.19335277899995,-46.797919443999945
São Paulo - MARESIAS - TOTEM,05/04/2026,PROPER,-23.791586111999948,-45.57469166699997
São Paulo - PINTO,05/04/2026,PROPER,-23.74223055699997,-45.34901111099998
São Paulo - BARREIROS NORTE,05/04/2026,PROPER,-23.762741667999933,-45.34928333299996
São Paulo - ITAQUANDUBA,05/04/2026,PROPER,-23.79976666799996,-45.36497222199995
São Paulo - BARREIROS SUL,05/04/2026,IMPROPER,-23.76458611199996,-45.34892499999995
São Paulo - ITAGUAÇU,05/04/2026,PROPER,-23.801861111999983,-45.36520277799997
São Paulo - PORTINHO,05/04/2026,PROPER,-23.84405277899998,-45.40473888899993
São Paulo - SUARÃO - AFPESP,05/04/2026,PROPER,-24.16581111199997,-46.749891666999986
São Paulo - PRAIA DOS PESCADORES,05/04/2026,PROPER,-24.19178055699996,-46.79410555599998
São Paulo - SIRIÚBA,05/04/2026,PROPER,-23.753422222999973,-45.34928888899998
São Paulo - BALN. JD. REGINA,05/04/2026,PROPER,-24.231316667999977,-46.86644722199998
São Paulo - BALN. S. J. BATISTA,05/04/2026,PROPER,-24.309055556999965,-46.97821944399993
São Paulo - BALNEARIO FLÓRIDA,05/04/2026,IMPROPER,-24.073516667999968,-46.57358888899995
São Paulo - SANTIAGO,05/04/2026,PROPER,-23.811147222999978,-45.54042777799998
São Paulo - ITAÓCA,05/04/2026,PROPER,-24.11937222299997,-46.665980555999965
São Paulo - ENGENHO,05/04/2026,PROPER,-23.76390833399995,-45.78136944399995
São Paulo - GUILHERMINA,05/04/2026,PROPER,-24.01524444499995,-46.42806388899993
São Paulo - PAÚBA,05/04/2026,PROPER,-23.80256944499996,-45.55226111099995
São Paulo - ITARARÉ - POSTO 2,05/04/2026,PROPER,-23.971102778999978,-46.36564444399994
São Paulo - PRAIA DA ILHA PORCHAT,05/04/2026,PROPER,-23.973425000999953,-46.369374999999934
São Paulo - BORACEIA - COLÉGIO MARISTA,05/04/2026,PROPER,-23.75732500099997,-45.85416111099994
São Paulo - BORACEIA - SUL,05/04/2026,PROPER,-23.76006388999997,-45.87485555599994
São Paulo - DESERTA,05/04/2026,PROPER,-23.785719444999927,-45.398786110999936
São Paulo - SÃO LOURENÇO - PROX. MORRO,05/04/2026,PROPER,-23.799549785999943,-45.99958566399994
São Paulo - TABATINGA - RIO TABATINGA,05/04/2026,PROPER,-23.57596944499994,-45.27682777799998
São Paulo - TABATINGA - COND. GAIVOTAS,05/04/2026,PROPER,-23.57272222299997,-45.28835555599994
São Paulo - LAGOA AZUL,05/04/2026,PROPER,-23.621636111999976,-45.35706388899996
São Paulo - ARUAN,05/04/2026,PROPER,-23.642652778999945,-45.423088888999985
São Paulo - FEITICEIRA,05/04/2026,PROPER,-23.845477778999964,-45.408777777999944
São Paulo - ENSEADA - COL. SESC,05/04/2026,PROPER,-23.831122222999966,-46.111158332999935
São Paulo - JARDIM SOLEMAR,05/04/2026,PROPER,-24.083411111999965,-46.59379444399997
São Paulo - MARACANÃ,05/04/2026,IMPROPER,-24.040947222999932,-46.502319443999966
São Paulo - PORTO NOVO,05/04/2026,PROPER,-23.69420833399994,-45.43001111099994
São Paulo - AVIAÇÃO,05/04/2026,PROPER,-24.018544444999975,-46.44117777799994
São Paulo - OCIAN,05/04/2026,PROPER,-24.029575000999955,-46.47376388899994
São Paulo - VILA MIRIM,05/04/2026,PROPER,-24.03391111199994,-46.48576111099993
São Paulo - VILA CAIÇARA,05/04/2026,PROPER,-24.052097222999976,-46.527191666999954
São Paulo - REAL,05/04/2026,PROPER,-24.064352778999933,-46.55376111099997
São Paulo - ARRASTÃO,05/04/2026,PROPER,-23.77065833399996,-45.403302777999954
São Paulo - TOQUE-TOQUE PEQUENO,05/04/2026,PROPER,-23.817625000999953,-45.53454444399995
São Paulo - UNA,05/04/2026,PROPER,-23.762275000999978,-45.764688888999956
São Paulo - BORACEIA - NORTE,05/04/2026,PROPER,-23.76161944499995,-45.80137499999995
São Paulo - PRAIA DA DIVISA,05/04/2026,PROPER,-23.969436111999983,-46.359041666999985
São Paulo - CAPRICÓRNIO,05/04/2026,PROPER,-23.60973888999996,-45.35019999999997
São Paulo - INDAIÁ,05/04/2026,PROPER,-23.63345277899998,-45.41794166699998
São Paulo - SUARÃO,05/04/2026,PROPER,-24.158116667999934,-46.73651666699993
São Paulo - BALNEÁRIO GAIVOTA,05/04/2026,PROPER,-24.241483333999952,-46.88313888899995
São Paulo - FLÓRIDA MIRIM,05/04/2026,PROPER,-24.140644444999964,-46.705586110999946
São Paulo - GUAIÚBA,05/04/2026,PROPER,-24.01629444499997,-46.29341944399994
São Paulo - VIANA,05/04/2026,IMPROPER,-23.75857777899995,-45.351019443999974
São Paulo - VERA CRUZ,05/04/2026,IMPROPER,-24.106944444999954,-46.64135555599995
São Paulo - BALNEÁRIO ADRIANA,05/04/2026,PROPER,-24.736933333999957,-47.529724999999985
São Paulo - CENTRO,05/04/2026,PROPER,-24.749825000999977,-47.55188611099993
São Paulo - PONTAL (LADO OCEANO),05/04/2026,PROPER,-25.028758333999974,-47.88319444399997
São Paulo - PRAINHA (BALSA),05/04/2026,PROPER,-25.020616667999946,-47.917902777999984
São Paulo - PARQUE BALNEÁRIO,05/04/2026,PROPER,-24.174411111999973,-46.765291666999985
São Paulo - PRETA DO NORTE,05/04/2026,PROPER,-23.82109444499997,-45.410644443999956
São Paulo - JUREIA,05/04/2026,PROPER,-24.65408333399995,-47.38429999999994
São Paulo - CAMBURIZINHO,05/04/2026,PROPER,-23.77739444499997,-45.64394999999996
São Paulo - MILIONÁRIOS,05/04/2026,PROPER,-23.97391388999995,-46.372297221999986
São Paulo - GONZAGUINHA,05/04/2026,IMPROPER,-23.969391667999957,-46.381252777999975
São Paulo - ENSEADA  - R. R. COSTABILE,05/04/2026,PROPER,-23.847025000999963,-46.13228888899994
São Paulo - COCANHA,05/04/2026,PROPER,-23.577402778999954,-45.31580555599993
São Paulo - MASSAGUAÇU - R. M. CARLOTA,05/04/2026,PROPER,-23.583405556999935,-45.32666944399995
São Paulo - MARTIM DE SÁ,05/04/2026,PROPER,-23.62751111199998,-45.38240277799997
São Paulo - JUREIA DO NORTE,05/04/2026,PROPER,-23.764986111999974,-45.78774444399994
São Paulo - PERNAMBUCO,05/04/2026,PROPER,-23.964925000999983,-46.18518611099995
São Paulo - PITANGUEIRAS - AV. PUGLISI,05/04/2026,PROPER,-23.997147222999956,-46.255355555999984
São Paulo - ENSEADA - ESTR. PERNAMBUCO,05/04/2026,IMPROPER,-23.98834444499994,-46.20489166699997
São Paulo - SACO DA CAPELA,05/04/2026,PROPER,-23.78384166799998,-45.35800833299993
São Paulo - ILHA DAS CABRAS,05/04/2026,PROPER,-23.830377778999946,-45.390427777999946
São Paulo - CAMPOS ELÍSEOS,05/04/2026,PROPER,-24.15018611199997,-46.72174166699995
São Paulo - PARQUE TURÍSTICO,05/04/2026,PROPER,-24.295938889999945,-46.96278888899997
São Paulo - CANTO DO FORTE,05/04/2026,PROPER,-24.01493611199993,-46.40480833299995
São Paulo - ENSEADA - R. CHILE,05/04/2026,PROPER,-23.98733611199998,-46.23149166699994
São Paulo - TOQUE-TOQUE GRANDE,05/04/2026,PROPER,-23.834100000999968,-45.51088888899994
São Paulo - JUQUEÍ - R. CRISTIANA,05/04/2026,PROPER,-23.767130556999973,-45.742977777999954
São Paulo - GUARATUBA,05/04/2026,PROPER,-23.768669444999944,-45.92207499999995
São Paulo - SÃO LOURENÇO - RUA 2,05/04/2026,PROPER,-23.80292777899996,-46.02078055599998
São Paulo - ENSEADA - INDAIÁ,05/04/2026,PROPER,-23.816680556999927,-46.049130555999966
São Paulo - ENSEADA - VISTA LINDA,05/04/2026,IMPROPER,-23.816672222999955,-46.07809999999995
São Paulo - ARMAÇÃO,05/04/2026,PROPER,-23.73851666799993,-45.34516111099998
São Paulo - BALEIA,05/04/2026,PROPER,-23.77391111199995,-45.67505555599996
São Paulo - TOMBO,05/04/2026,PROPER,-24.01441944499993,-46.27368888899997
São Paulo - PALMEIRAS,05/04/2026,PROPER,-23.651394444999937,-45.42650833299996
São Paulo - SAÍ,05/04/2026,PROPER,-23.774388889999955,-45.69553888899998
São Paulo - RIO PEREQUÊ,05/04/2026,PROPER,-23.84788333399996,-46.416783332999955
São Paulo - ENSEADA - AV. ATLÂNTICA,05/04/2026,PROPER,-23.985752778999938,-46.22188333299994
São Paulo - ENSEADA - AV. SANTA MARIA,05/04/2026,PROPER,-23.990908333999982,-46.244313888999955
São Paulo - PITANGUEIRAS - R. S. VALADÃO,05/04/2026,PROPER,-24.00042222299993,-46.26262777799997
São Paulo - PEREQUÊ,05/04/2026,PROPER,-23.807255556999962,-45.365324999999984
São Paulo - PRAIA DO JULIÃO,05/04/2026,PROPER,-23.854297222999946,-45.41408055599993
São Paulo - JARDIM CIBRATEL,05/04/2026,PROPER,-24.20199166799995,-46.818447221999975
São Paulo - CENTRAL,05/04/2026,PROPER,-24.09729166799997,-46.621913888999984
São Paulo - AGENOR DE CAMPOS,05/04/2026,PROPER,-24.130297222999957,-46.686794443999986
São Paulo - ICARAÍBA,05/04/2026,PROPER,-24.281269444999964,-46.943591666999964
São Paulo - VILA TUPI,05/04/2026,PROPER,-24.02377222299998,-46.45730833299996
São Paulo - PONTAL DA CRUZ,05/04/2026,PROPER,-23.777413889999934,-45.400341666999964
São Paulo - PORTO GRANDE,05/04/2026,PROPER,-23.792655556999932,-45.39868888899997
São Paulo - BOIÇUCANGA,05/04/2026,PROPER,-23.78474166799998,-45.62779166699994
São Paulo - PRETA,05/04/2026,PROPER,-23.771430556999974,-45.71407222199997
São Paulo - BORACEIA - RUA CUBATÃO,05/04/2026,PROPER,-23.755733333999956,-45.82469444399993
São Paulo - JUQUEÍ - TRAV. SIMÃO FAUSTINO,05/04/2026,PROPER,-23.76888888999997,-45.72843611099995
São Paulo - SINO,05/04/2026,PROPER,-23.747552778999932,-45.34775277799997
São Paulo - GRANDE,05/04/2026,PROPER,-23.858616667999968,-45.41683333299994
São Paulo - CAMBURI,05/04/2026,PROPER,-23.777863889999935,-45.65244166699995
São Paulo - ENG. D'ÁGUA,05/04/2026,PROPER,-23.791297222999958,-45.36378055599994
São Paulo - CURRAL,05/04/2026,PROPER,-23.866730556999983,-45.43209166699995
São Paulo - VELOSO,05/04/2026,PROPER,-23.870497222999973,-45.435227777999955
São Paulo - ESTÂNCIA BALNEÁRIA,05/04/2026,PROPER,-24.210794444999976,-46.834419443999934
São Paulo - JARDIM SÃO FERNANDO,05/04/2026,PROPER,-24.221277778999934,-46.85144444399998
São Paulo - VILA SÃO PAULO,05/04/2026,PROPER,-24.09116388999996,-46.60951944399994
São Paulo - SANTA EUGÊNIA,05/04/2026,PROPER,-24.11410833399998,-46.65520833299996
São Paulo - GUARAÚ,05/04/2026,PROPER,-24.368911111999978,-47.01203888899994
São Paulo - PRAINHA,05/04/2026,PROPER,-24.349641667999947,-47.00073888899993
São Paulo - SÃO FRANCISCO,05/04/2026,PROPER,-23.760183333999976,-45.40935555599998
São Paulo - BAREQUEÇABA,05/04/2026,PROPER,-23.827702778999935,-45.434613888999934
São Paulo - GUAECÁ,05/04/2026,PROPER,-23.821547222999982,-45.45846111099996
São Paulo - MARESIAS,05/04/2026,PROPER,-23.79221388999997,-45.558813888999964
São Paulo - CIGARRAS,05/04/2026,PROPER,-23.730791667999938,-45.39948055599996
São Paulo - APARECIDA,06/04/2026,PROPER,-23.980991667999945,-46.31286111099996
São Paulo - JOSÉ MENINO - R. FRED. OZANAN,06/04/2026,PROPER,-23.96872500099994,-46.348422221999954
São Paulo - PONTA DA PRAIA,06/04/2026,PROPER,-23.986236111999972,-46.30894444399996
São Paulo - GONZAGA,06/04/2026,PROPER,-23.970172222999963,-46.33290833299998
São Paulo - BOQUEIRÃO,06/04/2026,PROPER,-23.972536111999943,-46.32561944399998
São Paulo - POMPEIA,06/04/2026,IMPROPER,-23.96881666799993,-46.34230833299995
São Paulo - EMBARÉ,06/04/2026,PROPER,-23.976305556999932,-46.318974999999966
Santa Catarina -  PRAIA DE UBATUBA,02/03/2026,IMPROPER,-26.201199310583007,-48.52803203865715
Santa Catarina -  PRAIA MOLE,02/03/2026,IMPROPER,-27.6026308929178,-48.432467521022
Santa Catarina -  Praia do Pontal do Norte,02/03/2026,IMPROPER,-26.173924,-48.585875
Santa Catarina -  PRAIA DE CABEÇUDAS,02/03/2026,IMPROPER,-26.927564876419,-48.632902803689
Santa Catarina -  LAGOA DO FAXINAL,02/03/2026,IMPROPER,-28.837266,-49.275978
Santa Catarina -  CANAL DO CAMACHO,02/03/2026,IMPROPER,-28.61008765260199,-48.85993573165677
Santa Catarina -  PRAIA DO ITAGUAÇU,02/03/2026,IMPROPER,-27.61704842388698,-48.591863530093
Santa Catarina -  PRAIA DA RIBANCEIRA,02/03/2026,PROPER,-28.1900906679166,-48.6624472347849
Santa Catarina -  PRAIA DE CALHEIROS,03/03/2026,IMPROPER,-27.315432110856346,-48.56367613382509
Santa Catarina -  PRAINHA DO FAROL,03/03/2026,IMPROPER,-28.602376,-48.815708
Santa Catarina -  PRAIA DA JOAQUINA,03/03/2026,IMPROPER,-27.62907846483125,-48.44823099512896
Santa Catarina -  PRAIA DO ATALAIA,03/03/2026,PROPER,-26.9196955875352,-48.640969610763
Santa Catarina -  PRAIA DO CONCEIÇÃO,03/03/2026,PROPER,-27.201944,-48.490833
Santa Catarina -  PRAIA DE CANAJURÊ,03/03/2026,PROPER,-27.4316320799,-48.47936449281
Santa Catarina -  PRAIA DO RETIRO DOS PADRES,03/03/2026,IMPROPER,-27.144722,-48.476667
Santa Catarina -  PRAIA DA SOLIDÃO,03/03/2026,PROPER,-27.7952671645009,-48.5342612003906
Santa Catarina -  PRAIA DE PASSO DE TORRES,09/03/2026,IMPROPER,-29.324103,-49.71247
Santa Catarina -  PRAIA VERMELHA,09/03/2026,IMPROPER,-26.803438905179554,-48.597413352637375
Santa Catarina -  PRAIA DE IBIRAQUERA,09/03/2026,PROPER,-28.1566357073142,-48.652536003985
Santa Catarina -  PRAINHA DA ENSEADA,09/03/2026,IMPROPER,-26.231189,-48.5007325
Santa Catarina -  PRAIA DO MORRO DAS PEDRAS,09/03/2026,IMPROPER,-27.717623,-48.503583
Santa Catarina -  PRAIA DA FAZENDA DA ARMAÇÃO,09/03/2026,PROPER,-27.36519175915,-48.551607055127
Santa Catarina -  PRAIA DE ITAPIRUBÁ,09/03/2026,PROPER,-28.341677,-48.707542
Santa Catarina -  PRAIA DE PIÇARRAS,09/03/2026,IMPROPER,-26.767936190230245,-48.66804209837801
Santa Catarina -  PRAIA DA BASE AÉREA,09/03/2026,IMPROPER,-27.67747112330876,-48.56779522552024
Santa Catarina -  PRAIA DE GAROPABA,09/03/2026,IMPROPER,-28.0232942299274,-48.6142766940151
Santa Catarina -  LAGOA DO PERI,09/03/2026,IMPROPER,-27.725931,-48.50937
Santa Catarina -  PRAIA DO BOM ABRIGO,09/03/2026,IMPROPER,-27.6121387401247,-48.597005293926
Santa Catarina -  LAGOA DE BARRA VELHA,09/03/2026,IMPROPER,-26.63022061263414,-48.68252402776889
Santa Catarina -  PRAIA DA ARMAÇÃO DO ITAPOCORÓI,09/03/2026,IMPROPER,-26.788504107485668,-48.605410168309525
Santa Catarina -  PRAIA DO VIGORELLI,10/03/2026,IMPROPER,-26.22446863507169,-48.76637601565912
Santa Catarina -  PRAIA DE MORRINHOS,10/03/2026,IMPROPER,-27.185278,-48.5125
Santa Catarina -  PRAIA DE TAQUARAS,10/03/2026,IMPROPER,-27.009988206448988,-48.579161591488074
Santa Catarina -  PRAINHA DA PENHA,10/03/2026,IMPROPER,-26.762726,-48.646817
Santa Catarina -  PRAIA DO GI,10/03/2026,IMPROPER,-28.465272,-48.765902
Santa Catarina -  PRAIA DO JARDIM ATLÂNTICO,10/03/2026,IMPROPER,-27.5738221075775,-48.5973044209087
Santa Catarina -  PRAIA DE QUATRO ILHAS,10/03/2026,IMPROPER,-27.155,-48.483889
Santa Catarina -  PRAIA DO MOCAMBIQUE,10/03/2026,PROPER,-27.523014,-48.416498
Santa Catarina -  PRAIA DO PANTANO DO SUL,10/03/2026,IMPROPER,-27.782740904,-48.50797442
Santa Catarina -  PRAIA DA TERESA,16/03/2026,IMPROPER,-28.52486,-48.762815
Santa Catarina -  PRAIA DE FORA,16/03/2026,IMPROPER,-27.737512,-48.634415
Santa Catarina -  PRAIA DE GANCHOS DE FORA,16/03/2026,IMPROPER,-27.306728366425194,-48.547980560846916
Santa Catarina -  PRAIA DO RIBEIRÃO DA ILHA,16/03/2026,PROPER,-27.71925291568,-48.56449568815
Santa Catarina -  PRAIA DE GUARAREMA,16/03/2026,PROPER,-27.637542,-48.631057
Santa Catarina -  PRAIA DE JURERE INTERNACIONAL,16/03/2026,IMPROPER,-27.436608832162,-48.501681664501
Santa Catarina -  PRAIA DA CAMBOA,16/03/2026,PROPER,-27.36756831265,-48.5415388963312
Santa Catarina -  BRAÇO MORTO DO RIO MAMPITUBA,16/03/2026,IMPROPER,-29.325569,-49.716839
Santa Catarina -  PRAIA DO MORRO DOS CONVENTOS,16/03/2026,IMPROPER,-28.94379548061612,-49.36214325002222
Santa Catarina -  CANAL DO LINGUADO,16/03/2026,IMPROPER,-26.455229155902,-48.597740383673
Santa Catarina -  PRAIA DA BAIA DOS GOLFINHOS,17/03/2026,PROPER,-27.4045942209226,-48.5617690047548
Santa Catarina -  PRAIA DO ESTALEIRO,17/03/2026,IMPROPER,-27.032979,-48.581456
Santa Catarina -  LAGOA DO ARROIO CORRENTE,17/03/2026,IMPROPER,-28.692049,-49.018813
Santa Catarina -  PRAIA DA BARRA DA LAGOA,17/03/2026,IMPROPER,-27.5739682074886,-48.42333433387406
Santa Catarina -  LAGOA DA FERRUGEM,17/03/2026,IMPROPER,-28.082294,-48.632677
Santa Catarina -  PRAIA DA ARMAÇÃO DA PIEDADE,17/03/2026,IMPROPER,-27.3792030009992,-48.534590232724
Santa Catarina -  PRAIA DE PONTA DAS CANAS,17/03/2026,IMPROPER,-27.395828009926,-48.4347983330746
Santa Catarina -  PRAIA DA VIGIA,17/03/2026,IMPROPER,-28.019234,-48.610119
Santa Catarina -  PRAIA DE ITAGUAÇÚ,17/03/2026,IMPROPER,-26.190063,-48.528095
Santa Catarina -  PRAIA DO BALNEÁRIO,17/03/2026,IMPROPER,-27.57778961702028,-48.57845402874648
Santa Catarina -  PRAIA DE SAMBAQUI,17/03/2026,IMPROPER,-27.4945739148044,-48.525466891173
Santa Catarina -  PRAIA DE BOMBINHAS,23/03/2026,IMPROPER,-27.146583694616677,-48.49454074140273
Santa Catarina -  PRAIA DO ROSA,23/03/2026,IMPROPER,-28.13524048846,-48.642437394164
Santa Catarina -  LAGOA DE IBIRAQUERA,23/03/2026,PROPER,-28.15391989591,-48.653592950768
Santa Catarina -  GUARDA DO EMBAU,23/03/2026,IMPROPER,-27.903451,-48.590357
Santa Catarina -  PRAIA DE PEREQUÊ,23/03/2026,IMPROPER,-27.155668,-48.564243
Santa Catarina -  PRAIA DE NAVEGANTES,24/03/2026,IMPROPER,-26.83982324323614,-48.630516262055636
Santa Catarina -  PRAIA ALEGRE,24/03/2026,IMPROPER,-26.772311039294166,-48.65425933610359
Santa Catarina -  PRAIA DE LARANJEIRAS,24/03/2026,IMPROPER,-26.997120455615615,-48.59102230355759
Santa Catarina -  PRAIA DE BOMBAS,24/03/2026,IMPROPER,-27.145934345632714,-48.50012298383225
Santa Catarina -  PRAIA DA BARRA VELHA,24/03/2026,IMPROPER,-26.63420904806476,-48.68083682191268
Santa Catarina -  PRAIA DA ENSEADA,24/03/2026,IMPROPER,-26.226304,-48.504591
Santa Catarina -  LAGOA DE CABEÇUDA,24/03/2026,IMPROPER,-28.440369,-48.820109
Santa Catarina -  PRAIA DA DANIELA,24/03/2026,IMPROPER,-27.447736,-48.535576
Santa Catarina -  PRAIA DO ANTENOR,24/03/2026,IMPROPER,-27.4266910014494,-48.57358002585
Santa Catarina -  PRAIA DO ESTALEIRINHO,24/03/2026,IMPROPER,-27.048723,-48.587681
Santa Catarina -  PRAIA DAS PALMEIRAS,24/03/2026,PROPER,-27.6160033597746,-48.5950772816238
Santa Catarina -  LAGOA DOS ESTEVES,24/03/2026,IMPROPER,-28.8459813958926,-49.289339097544
Santa Catarina -  PRAIA DO CACUPÉ,24/03/2026,IMPROPER,-27.5424225552425,-48.524921429456
Santa Catarina -  PRAIA DE GANCHOS,24/03/2026,IMPROPER,-27.312807,-48.552457
Santa Catarina -  PRAIA DA TAPERA,24/03/2026,PROPER,-27.688595364518,-48.568754849876
Santa Catarina -  PRAIA DO MAGALHÃES,24/03/2026,IMPROPER,-27.402447663146,-48.562341862298
Santa Catarina -  PRAIA DA VILA NOVA,24/03/2026,PROPER,-28.2445891956746,-48.66090280183
Santa Catarina -  PRAIA GRANDE,25/03/2026,IMPROPER,-27.36,-48.536667
Santa Catarina -  PRAIA DO SANTINHO,25/03/2026,IMPROPER,-27.4636410591801,-48.3761103331993
Santa Catarina -  PRAIA DO JOSÉ MENDES,25/03/2026,IMPROPER,-27.61293287423,-48.54752607809
Santa Catarina -  PRAIA DA LAGOINHA,25/03/2026,IMPROPER,-27.3887684265592,-48.420900848048
Santa Catarina -  PRAIA DA GUARDA DO EMBAU,25/03/2026,IMPROPER,-27.905939,-48.588398
Santa Catarina -  PRAIA DA CAIACANGAÇÚ,25/03/2026,IMPROPER,-27.7599284876114,-48.5726988747967
Santa Catarina -  PRAIA DE PALMAS,25/03/2026,PROPER,-27.324055996788,-48.53835758628
Santa Catarina -  PRAIA DO MARISCAL,25/03/2026,IMPROPER,-27.171263,-48.498965
Santa Catarina -  PRAIA DE JURERE,25/03/2026,PROPER,-27.43783097538259,-48.49086356701009
Santa Catarina -  PRAIA DA SAUDADE,25/03/2026,PROPER,-27.61091429561392,-48.5795184931059
Santa Catarina -  PRAIA DO MAR GROSSO,30/03/2026,IMPROPER,-28.481527,-48.76583
Santa Catarina -  PRAIA DO SIRIÚ,30/03/2026,IMPROPER,-27.9747579129526,-48.62823306755015
Santa Catarina -  PRAIA DO SONHO,30/03/2026,IMPROPER,-27.836723,-48.587337
Santa Catarina -  PRAIA DA BEIRA MAR NORTE,30/03/2026,IMPROPER,-27.584624,-48.549345
Santa Catarina -  PRAIA DE ZIMBROS,30/03/2026,IMPROPER,-27.180233,-48.531372
Santa Catarina -  LAGOA DOS FREITAS,30/03/2026,IMPROPER,-28.8122714725763,-49.2274106057351
Santa Catarina -  PRAIA DA PINHEIRA,30/03/2026,IMPROPER,-27.88432685157649,-48.588786618656414
Santa Catarina -  PRAIA DO PORTO,30/03/2026,IMPROPER,-28.222205065581782,-48.66378507671632
Santa Catarina -  ARROIO DA PRAIA DAS GAIVOTAS,30/03/2026,IMPROPER,-29.157521,-49.573059
Santa Catarina -  PRAIA DE CANTO DE GANCHOS,30/03/2026,IMPROPER,-27.314718,-48.576431
Santa Catarina -  PRAIA DAS GAIVOTAS,30/03/2026,IMPROPER,-29.149167,-49.565833
Santa Catarina -  PRAIA DO RINCÃO,30/03/2026,IMPROPER,-28.839552,-49.236217
Santa Catarina -  PRAIA DA BARRA DO SUL,30/03/2026,IMPROPER,-26.469155226388,-48.608029709939
Santa Catarina -  PRAIA DE SÃO MIGUEL,30/03/2026,IMPROPER,-26.824755403931803,-48.61456561743151
Santa Catarina -  PRAIA DO CARDOSO,30/03/2026,IMPROPER,-28.60745059905936,-48.82184145432537
Santa Catarina -  PRAIA DE PORTO BELO,30/03/2026,IMPROPER,-27.151921450344062,-48.54302205210671
Santa Catarina -  PRAIA DO CANTO GRANDE,30/03/2026,IMPROPER,-27.20056691224584,-48.49890475826328
Santa Catarina -  PRAIA DOS PAULAS,30/03/2026,IMPROPER,-26.231170935999,-48.62950323496
Santa Catarina -  PRAIA DO CAPRI,30/03/2026,IMPROPER,-26.186211656396193,-48.572119112464165
Santa Catarina -  PRAIA DO MEIO,30/03/2026,IMPROPER,-27.61363788356,-48.5851311167437
Santa Catarina -  PRAIA DO CAMPECHE,31/03/2026,IMPROPER,-27.6901707000176,-48.481243339719
Santa Catarina -  LAGOA DA CONCEIÇÃO,31/03/2026,IMPROPER,-27.61585301139431,-48.48387858772162
Santa Catarina -  PRAIA DOS INGLESES,31/03/2026,IMPROPER,-27.4391402283861,-48.3864187900595
Santa Catarina -  PRAIA DA CACHOEIRA DO BOM JESUS,31/03/2026,IMPROPER,-27.423563,-48.442027
Santa Catarina -  PRAIA DO FORTE,31/03/2026,IMPROPER,-27.433946767139,-48.519843372842
Santa Catarina -  PRAIA DE SANTO ANTÔNIO DE LISBOA,31/03/2026,IMPROPER,-27.5053780757117,-48.522624442937
Santa Catarina -  PRAIA DO MATADOURO,31/03/2026,IMPROPER,-27.5869590098687,-48.5764904152094
Santa Catarina -  PRAIA DO BALN. CAMBORIÚ,31/03/2026,IMPROPER,-27.005108231036534,-48.605126891787386
Santa Catarina -  PRAIA DE ITAPEMA,31/03/2026,IMPROPER,-27.0918013872479,-48.60888031327
Santa Catarina -  PRAIA DO CERRO,31/03/2026,IMPROPER,-26.70267379125632,-48.681108518019904
Santa Catarina -  PRAIA DAS CORDAS,31/03/2026,IMPROPER,-27.375833,-48.53
Santa Catarina -  PRAIA DO ARROIO DO SILVA,31/03/2026,IMPROPER,-28.981389,-49.404722
Santa Catarina -  PRAIA DA ARMAÇÃO DO PÂNTANO DO SUL,31/03/2026,IMPROPER,-27.72685,-48.506814
Santa Catarina -  PRAIA DO ARROIO CORRENTE,31/03/2026,IMPROPER,-28.69694,-49.016544
Santa Catarina -  PRAIA DO CANTO GRANDE (MAR DE FORA),31/03/2026,IMPROPER,-27.198056,-48.495278
Santa Catarina -  PRAIA DE CANASVIEIRAS,31/03/2026,IMPROPER,-27.426517696928,-48.472483313135
Santa Catarina -  PRAIA BRAVA,31/03/2026,IMPROPER,-27.39758506784498,-48.41367040622632
Santa Catarina -  PRAIA DE ITAPOÁ,31/03/2026,IMPROPER,-26.06486767369552,-48.61064954994685
Rio de Janeiro - Cardo,28/11/2024,IMPROPER,-22.98527778,-43.68333333
Rio de Janeiro - Sepetiba,28/11/2024,IMPROPER,-22.98307222,-43.70172222
Rio de Janeiro - Recôncavo,28/11/2024,IMPROPER,-22.98805556,-43.69222222
Rio de Janeiro - Magé,08/12/2025,IMPROPER,-22.70836111,-43.14298056
Rio de Janeiro - Azeda,28/01/2026,PROPER,-22.74217222,-41.88185556
Rio de Janeiro - João Fernandes,28/01/2026,PROPER,-22.74129167,-41.87405278
Rio de Janeiro - Unamar,28/01/2026,PROPER,-22.61145278,-41.998
Rio de Janeiro - Ossos,28/01/2026,PROPER,-22.74623889,-41.88153333
Rio de Janeiro - Armação,28/01/2026,IMPROPER,-22.75013611,-41.88264444
Rio de Janeiro - Canto,28/01/2026,PROPER,-22.75425278,-41.88600278
Rio de Janeiro - Tartaruga,28/01/2026,PROPER,-22.75729167,-41.90437222
Rio de Janeiro - Forno,28/01/2026,PROPER,-22.76135,-41.87536667
Rio de Janeiro - Tucuns,28/01/2026,PROPER,-22.79709167,-41.92837222
Rio de Janeiro - Geribá,28/01/2026,PROPER,-22.77897222,-41.90597778
Rio de Janeiro - Ferradura,28/01/2026,PROPER,-22.76929167,-41.88545
Rio de Janeiro - Rasa,28/01/2026,PROPER,-22.75396667,-41.94578611
Rio de Janeiro - Balneário,28/01/2026,PROPER,-22.84015833,-42.13438056
Rio de Janeiro - Sudoeste,28/01/2026,PROPER,-22.87028611,-42.11603056
Rio de Janeiro - Ponta d'Aldeia,28/01/2026,PROPER,-22.87028611,-42.11088889
Rio de Janeiro - Sol,28/01/2026,PROPER,-22.86014167,-42.11008056
Rio de Janeiro - Aldeia,28/01/2026,PROPER,-22.85357778,-42.10003056
Rio de Janeiro - Linda,28/01/2026,PROPER,-22.848675,-42.16257778
Rio de Janeiro - Pitória,28/01/2026,PROPER,-22.84765,-42.10409167
Rio de Janeiro - Praião,28/01/2026,PROPER,-22.58489167,-41.98639722
Rio de Janeiro - Iguaba Grande,28/01/2026,PROPER,-22.84898333,-42.22955556
Rio de Janeiro - Conceição de Jacareí,03/03/2026,PROPER,-23.03297222,-44.16422222
Rio de Janeiro - Garatucaia,03/03/2026,PROPER,-23.03385556,-44.17224444
Rio de Janeiro - Brava,03/03/2026,PROPER,-23.007425,-44.48093056
Rio de Janeiro - Leste,03/03/2026,PROPER,-23.027325,-44.346375
Rio de Janeiro - Éguas,03/03/2026,PROPER,-23.01006131,-44.23364402
Rio de Janeiro - Mangaratiba,03/03/2026,PROPER,-22.961625,-44.04195278
Rio de Janeiro - Laboratório,03/03/2026,PROPER,-23.01013889,-44.44492222
Rio de Janeiro - Bonfim,03/03/2026,IMPROPER,-23.02037222,-44.33200556
Rio de Janeiro - Costeirinha,03/03/2026,IMPROPER,-23.01556389,-44.32255
Rio de Janeiro - Anil,03/03/2026,IMPROPER,-23.00607778,-44.31066389
Rio de Janeiro - Bexiga,03/03/2026,IMPROPER,-23.00365556,-44.26324444
Rio de Janeiro - Jacuecanga,03/03/2026,IMPROPER,-23.00294167,-44.23989722
Rio de Janeiro - Retiro,03/03/2026,IMPROPER,-22.99500833,-44.32757222
Rio de Janeiro - Biscaia,03/03/2026,PROPER,-23.03029167,-44.23568333
Rio de Janeiro - Enseada,03/03/2026,IMPROPER,-22.98378889,-44.31589722
Rio de Janeiro - Frade,03/03/2026,IMPROPER,-22.96317222,-44.43448611
Rio de Janeiro - Grande,03/03/2026,PROPER,-22.93222222,-43.97036111
Rio de Janeiro - Itinga,03/03/2026,IMPROPER,-22.95319722,-44.3869
Rio de Janeiro - Gordas,03/03/2026,PROPER,-23.02315833,-44.33367778
Rio de Janeiro - Coroa Grande,03/03/2026,IMPROPER,-22.90233333,-43.85413889
Rio de Janeiro - Ibicuí,03/03/2026,IMPROPER,-22.96216667,-44.02530556
Rio de Janeiro - Itacuruça,03/03/2026,IMPROPER,-22.93066667,-43.91325
Rio de Janeiro - Saco,03/03/2026,IMPROPER,-22.94566667,-44.04280556
Rio de Janeiro - Muriqui,03/03/2026,IMPROPER,-22.92963889,-43.94177778
Rio de Janeiro - Mambucaba,03/03/2026,PROPER,-23.0262,-44.51640278
Rio de Janeiro - Seca (Lagoa),04/03/2026,PROPER,-22.89258611,-42.38679167
Rio de Janeiro - Saquarema,04/03/2026,PROPER,-22.93522222,-42.49818611
Rio de Janeiro - Nobres,04/03/2026,PROPER,-22.92336389,-42.30355556
Rio de Janeiro - Gravatá,04/03/2026,PROPER,-22.93371389,-42.59445278
Rio de Janeiro - Boqueirão,04/03/2026,PROPER,-22.93320278,-42.53138889
Rio de Janeiro - Foguete,04/03/2026,PROPER,-22.90551111,-42.03212222
Rio de Janeiro - Figueira,04/03/2026,PROPER,-22.93915,-42.17931944
Rio de Janeiro - Pontinha,04/03/2026,PROPER,-22.88052222,-42.32232222
Rio de Janeiro - Anjos,04/03/2026,PROPER,-22.97484722,-42.02046667
Rio de Janeiro - Areal,04/03/2026,IMPROPER,-22.89433889,-42.36392222
Rio de Janeiro - Hospício,04/03/2026,IMPROPER,-22.89341389,-42.34998333
Rio de Janeiro - Palmeiras,04/03/2026,IMPROPER,-22.87458889,-42.04313333
Rio de Janeiro - Siqueira,04/03/2026,IMPROPER,-22.873875,-42.05324167
Rio de Janeiro - Vidigal,04/03/2026,PROPER,-22.99188889,-43.23166667
Rio de Janeiro - Monte Alto,04/03/2026,PROPER,-22.94291389,-42.11386111
Rio de Janeiro - Amores,04/03/2026,PROPER,-22.87926111,-42.31025278
Rio de Janeiro - Bananeiras,04/03/2026,PROPER,-22.87921667,-42.27248889
Rio de Janeiro - Passagem,04/03/2026,PROPER,-22.87545556,-42.00746667
Rio de Janeiro - Iguabinha,04/03/2026,PROPER,-22.85870556,-42.24768889
Rio de Janeiro - Itaúna,04/03/2026,PROPER,-22.93645278,-42.48559167
Rio de Janeiro - Conchas,04/03/2026,PROPER,-22.87053056,-41.98243056
Rio de Janeiro - Coqueiral,04/03/2026,PROPER,-22.86935556,-42.30346944
Rio de Janeiro - Barbudo,04/03/2026,PROPER,-22.86711111,-42.29881389
Rio de Janeiro - Peró,04/03/2026,PROPER,-22.86132778,-41.98515278
Rio de Janeiro - Gavião,04/03/2026,PROPER,-22.87072778,-42.28425556
Rio de Janeiro - Piratininga,09/03/2026,PROPER,-22.95333333,-43.09916667
Rio de Janeiro - Praia Grande,09/03/2026,IMPROPER,-23.151678,-44.697167
Rio de Janeiro - Sonho,09/03/2026,PROPER,-21.49901389,-41.06946111
Rio de Janeiro - Chapéu do Sol,09/03/2026,PROPER,-21.67008611,-41.02021389
Rio de Janeiro - Coqueiros,09/03/2026,PROPER,-22.75142778,-43.10918889
Rio de Janeiro - Moreninha,09/03/2026,PROPER,-22.75613611,-43.11164722
Rio de Janeiro - Bica,09/03/2026,PROPER,-22.81895,-43.19732222
Rio de Janeiro - Farol de São Tomé,09/03/2026,PROPER,-22.04301944,-41.04885278
Rio de Janeiro - Camboinhas,09/03/2026,PROPER,-22.96679444,-43.04854722
Rio de Janeiro - Manguinhos,09/03/2026,PROPER,-21.459125,-41.03650278
Rio de Janeiro - São Gonçalo,09/03/2026,PROPER,-23.04488333,-44.61596944
Rio de Janeiro - Jardim Guanabara,09/03/2026,IMPROPER,-22.81833333,-43.2075
Rio de Janeiro - Pitangueiras,09/03/2026,IMPROPER,-22.81666667,-43.17611111
Rio de Janeiro - Bandeira,09/03/2026,IMPROPER,-22.80935,-43.17743056
Rio de Janeiro - B. Capanema,09/03/2026,IMPROPER,-22.80055556,-43.175
Rio de Janeiro - Guanabara,09/03/2026,IMPROPER,-22.79416667,-43.17027778
Rio de Janeiro - Praia do Meio (Trindade),09/03/2026,PROPER,-23.35682222,-44.72989167
Rio de Janeiro - Tarituba,09/03/2026,PROPER,-23.04571944,-44.59523056
Rio de Janeiro - Pelônias,09/03/2026,IMPROPER,-22.78472222,-43.18619722
Rio de Janeiro - Prainha de Mambucaba,09/03/2026,PROPER,-23.04785,-44.57014444
Rio de Janeiro - Imbuca,09/03/2026,IMPROPER,-22.76696944,-43.10533056
Rio de Janeiro - J. Bonifácio,09/03/2026,IMPROPER,-22.761375,-43.11106111
Rio de Janeiro - Grossa,09/03/2026,IMPROPER,-22.76112222,-43.10750833
Rio de Janeiro - Praia Grande de Corumbê,09/03/2026,PROPER,-23.17858333,-44.71090833
Rio de Janeiro - Tamoios,09/03/2026,IMPROPER,-22.75754444,-43.10863611
Rio de Janeiro - Jabaquara,09/03/2026,PROPER,-23.20270833,-44.72035833
Rio de Janeiro - Pontal,09/03/2026,PROPER,-23.21487778,-44.71140556
Rio de Janeiro - São Bento,09/03/2026,IMPROPER,-22.82055556,-43.22638889
Rio de Janeiro - Engenhoca,09/03/2026,IMPROPER,-22.82111111,-43.17138889
Rio de Janeiro - Ribeira,09/03/2026,IMPROPER,-22.82531111,-43.16834444
Rio de Janeiro - Galeão,09/03/2026,IMPROPER,-22.83333333,-43.24277778
Rio de Janeiro - Itaipu,09/03/2026,PROPER,-22.97222222,-43.04583333
Rio de Janeiro - Catimbau,09/03/2026,IMPROPER,-22.75,-43.10527778
Rio de Janeiro - Paraty-Mirim,09/03/2026,PROPER,-23.23809167,-44.63621389
Rio de Janeiro - Grussaí,09/03/2026,IMPROPER,-21.68936944,-41.02296944
Rio de Janeiro - Itacoatiara,09/03/2026,PROPER,-22.97583333,-43.03055556
Rio de Janeiro - Gargaú,09/03/2026,IMPROPER,-21.55190833,-41.063975
Rio de Janeiro - Tropical,09/03/2026,IMPROPER,-21.537725,-41.06994167
Rio de Janeiro - Itaperuna,09/03/2026,IMPROPER,-21.52111389,-41.07005278
Rio de Janeiro - Guaxindiba,09/03/2026,IMPROPER,-21.48183611,-41.05877778
Rio de Janeiro - Sossego,09/03/2026,PROPER,-21.49062222,-41.06528889
Rio de Janeiro - Ramos,09/03/2026,IMPROPER,-22.83888889,-43.24888889
Rio de Janeiro - Atafona,09/03/2026,IMPROPER,-21.63063333,-41.01403611
Rio de Janeiro - Cepilho (Rancho Fundo),09/03/2026,PROPER,-23.34673333,-44.71981389
Rio de Janeiro - Joana,10/03/2026,IMPROPER,-22.53638333,-41.93636667
Rio de Janeiro - Cemitério,10/03/2026,IMPROPER,-22.53206944,-41.93996111
Rio de Janeiro - Tartarugas,10/03/2026,IMPROPER,-22.53166667,-41.95650833
Rio de Janeiro - Bosque,10/03/2026,PROPER,-22.5305,-41.95241389
Rio de Janeiro - Areias Negras,10/03/2026,PROPER,-22.52975833,-41.92616389
Rio de Janeiro - Centro,10/03/2026,PROPER,-22.52823889,-41.94616944
Rio de Janeiro - Remanso,10/03/2026,PROPER,-22.52638889,-41.92171389
Rio de Janeiro - Costazul,10/03/2026,PROPER,-22.52214722,-41.91944167
Rio de Janeiro - Mar do Norte,10/03/2026,PROPER,-22.49779444,-41.90188889
Rio de Janeiro - Pecado,10/03/2026,PROPER,-22.41426389,-41.81298056
Rio de Janeiro - Cavaleiros,10/03/2026,PROPER,-22.40744444,-41.80061667
Rio de Janeiro - Campista,10/03/2026,PROPER,-22.40058889,-41.79123333
Rio de Janeiro - Boca da Barra,10/03/2026,IMPROPER,-22.53358611,-41.93704722
Rio de Janeiro - Forte,10/03/2026,IMPROPER,-22.37611111,-41.77144722
Rio de Janeiro - Barra,10/03/2026,IMPROPER,-22.36762222,-41.77430833
Rio de Janeiro - Aeroporto,10/03/2026,IMPROPER,-22.34875,-41.75753889
Rio de Janeiro - Barreto,10/03/2026,IMPROPER,-22.33255278,-41.73039167
Rio de Janeiro - Maricá,10/03/2026,PROPER,-22.96277778,-42.82194444
Rio de Janeiro - Lagomar,10/03/2026,IMPROPER,-22.30948889,-41.70207222
Rio de Janeiro - ,10/03/2026,IMPROPER,-22.250768,-41.591862
Rio de Janeiro - Itaipuaçu,10/03/2026,PROPER,-22.97055556,-43.01111111
Rio de Janeiro - Ponta Negra,10/03/2026,PROPER,-22.9575,-42.69805556
Rio de Janeiro - Araçatiba,10/03/2026,PROPER,-22.93027778,-42.82638889
Rio de Janeiro - Imbetiba,10/03/2026,IMPROPER,-22.38503333,-41.77084167
Rio de Janeiro - Boa Viagem,11/03/2026,IMPROPER,-22.90808333,-43.12860556
Rio de Janeiro - Eva,11/03/2026,IMPROPER,-22.92955278,-43.12271667
Rio de Janeiro - Charitas,11/03/2026,IMPROPER,-22.93555556,-43.105
Rio de Janeiro - Flechas,11/03/2026,IMPROPER,-22.90555556,-43.12444444
Rio de Janeiro - São Francisco,11/03/2026,IMPROPER,-22.92119722,-43.09526111
Rio de Janeiro - Gragoatá,11/03/2026,IMPROPER,-22.90253056,-43.13651111
Rio de Janeiro - Adão,11/03/2026,PROPER,-22.92755833,-43.12295833
Rio de Janeiro - Icaraí,11/03/2026,IMPROPER,-22.90472222,-43.11833333
Rio de Janeiro - Jurujuba,11/03/2026,PROPER,-22.93103611,-43.11633889
Rio de Janeiro - Glória,12/03/2026,PROPER,-22.921809,-43.167979
Rio de Janeiro - Leme,12/03/2026,PROPER,-22.96406389,-43.16745278
Rio de Janeiro - Urca,12/03/2026,IMPROPER,-22.94784444,-43.16354444
Rio de Janeiro - Botafogo,12/03/2026,IMPROPER,-22.948175,-43.18025833
Rio de Janeiro - Pontal de Sernambetiba,12/03/2026,IMPROPER,-23.03536667,-43.49084722
Rio de Janeiro - Barra de Guaratiba,12/03/2026,PROPER,-23.07083333,-43.56813889
Rio de Janeiro - Copacabana,12/03/2026,PROPER,-22.98527778,-43.18830556
Rio de Janeiro - Pepino,12/03/2026,PROPER,-23.00125,-43.26944444
Rio de Janeiro - Barra da Tijuca,12/03/2026,PROPER,-23.01183889,-43.36521667
Rio de Janeiro - Joatinga,12/03/2026,PROPER,-23.01478889,-43.28936944
Rio de Janeiro - Vermelha,12/03/2026,PROPER,-22.9553,-43.16438056
Rio de Janeiro - Recreio,12/03/2026,PROPER,-23.02293889,-43.44535
Rio de Janeiro - Flamengo,12/03/2026,IMPROPER,-22.93518611,-43.17103056
Rio de Janeiro - Grumari,12/03/2026,PROPER,-23.04895278,-43.52266667
Rio de Janeiro - Arpoador,12/03/2026,PROPER,-22.98944444,-43.19166667
Rio de Janeiro - Diabo,12/03/2026,PROPER,-22.98944444,-43.19
Rio de Janeiro - Leblon,12/03/2026,PROPER,-22.98916667,-43.22638889
Rio de Janeiro - Ipanema,12/03/2026,PROPER,-22.98763333,-43.20506667
Rio de Janeiro - Prainha,12/03/2026,PROPER,-23.04111111,-43.505
Rio de Janeiro - São Conrado,12/03/2026,PROPER,-22.99925278,-43.25348611
Espirito Santo - Lagoa Morada do Sol,08/04/2026,IMPROPER,-20.472166666666666,-40.34869444444445
Espirito Santo - Praia da Barrinha,08/04/2026,IMPROPER,-20.424472222222224,-40.324194444444444
Espirito Santo - Praia do Bananal,08/04/2026,PROPER,-20.32311111111111,-40.27344444444444
Espirito Santo - Praia Secreta,08/04/2026,PROPER,-20.32488888888889,-40.269527777777775
Espirito Santo - Praia da Costa II - Praia da Sereia,08/04/2026,PROPER,-20.329527777777777,-40.2735
Espirito Santo - Praia da Costa I - Champagnat,08/04/2026,PROPER,-20.337249999999997,-40.28125
Espirito Santo - Praia de Itapuã - 'Beverly Hills',08/04/2026,PROPER,-20.35063888888889,-40.28322222222222
Espirito Santo - Prainha,08/04/2026,IMPROPER,-20.3275,-40.291694444444445
Espirito Santo - Praia de Itaparica I,08/04/2026,PROPER,-20.36663888888889,-40.29936111111111
Espirito Santo - Praia da Concha,08/04/2026,PROPER,-20.426083333333334,-40.320083333333336
Espirito Santo - Praia do Barrão,08/04/2026,PROPER,-20.42663888888889,-40.32194444444445
Espirito Santo - Praia dos Recifes,08/04/2026,PROPER,-20.448944444444443,-40.331583333333334
Espirito Santo - Lagoa Grande,08/04/2026,PROPER,-20.50363888888889,-40.35944444444445
Espirito Santo - Praia de Ponta da Fruta I,08/04/2026,PROPER,-20.517944444444442,-40.361472222222226
Espirito Santo - Praia de Ponta da Fruta II,08/04/2026,PROPER,-20.52363888888889,-40.36947222222222
Espirito Santo - Praia de Itaparica II,08/04/2026,PROPER,-20.376055555555556,-40.30483333333333
Espirito Santo - Praia do Ribeiro,08/04/2026,IMPROPER,-20.325499999999998,-40.27194444444444
